[
  {
    "cashflowid": 1,
    "tradeid": 101,
    "specid": 201,
    "source": "source1",
    "tradername": "John Smith",
    "settlementid": "SETTLE001",
    "amount": -1456,
    "counterparty": "Counterparty1",
    "currency": "USD"
  },
  {
    "cashflowid": 2,
    "tradeid": 102,
    "specid": 202,
    "source": "source2",
    "tradername": "Jane Doe",
    "settlementid": "SETTLE002",
    "amount": 1456,
    "counterparty": "Counterparty2",
    "currency": "EUR"
  },
  {
    "cashflowid": 3,
    "tradeid": 103,
    "specid": 203,
    "source": "source3",
    "tradername": "David Johnson",
    "settlementid": "SETTLE003",
    "amount": -2500,
    "counterparty": "Counterparty3",
    "currency": "USD"
  },
  {
    "cashflowid": 4,
    "tradeid": 104,
    "specid": 204,
    "source": "source4",
    "tradername": "Sarah Wilson",
    "settlementid": "SETTLE004",
    "amount": 3000,
    "counterparty": "Counterparty4",
    "currency": "GBP"
  },
  {
    "cashflowid": 5,
    "tradeid": 105,
    "specid": 205,
    "source": "source5",
    "tradername": "Michael Brown",
    "settlementid": "SETTLE005",
    "amount": -1750,
    "counterparty": "Counterparty5",
    "currency": "USD"
  },
  {
    "cashflowid": 6,
    "tradeid": 106,
    "specid": 206,
    "source": "source6",
    "tradername": "Emily Thompson",
    "settlementid": "SETTLE006",
    "amount": 1750,
    "counterparty": "Counterparty6",
    "currency": "EUR"
  },
  {
    "cashflowid": 7,
    "tradeid": 107,
    "specid": 207,
    "source": "source7",
    "tradername": "Christopher Davis",
    "settlementid": "SETTLE007",
    "amount": -500,
    "counterparty": "Counterparty7",
    "currency": "USD"
  },
  {
    "cashflowid": 8,
    "tradeid": 108,
    "specid": 208,
    "source": "source8",
    "tradername": "Olivia Clark",
    "settlementid": "SETTLE008",
    "amount": 500,
    "counterparty": "Counterparty8",
    "currency": "GBP"
  },
  {
    "cashflowid": 9,
    "tradeid": 109,
    "specid": 209,
    "source": "source1",
    "tradername": "Daniel Wilson",
    "settlementid": "SETTLE009",
    "amount": -3000,
    "counterparty": "Counterparty9",
    "currency": "USD"
  },
  {
    "cashflowid": 10,
    "tradeid": 110,
    "specid": 210,
    "source": "source2",
    "tradername": "Sophia Taylor",
    "settlementid": "SETTLE010",
    "amount": 3000,
    "counterparty": "Counterparty10",
    "currency": "EUR"
  },

  {
    "cashflowid": 11,
    "tradeid": 111,
    "specid": 211,
    "source": "source3",
    "tradername": "Liam Anderson",
    "settlementid": "SETTLE011",
    "amount": -1200,
    "counterparty": "Counterparty11",
    "currency": "USD"
  },
  {
    "cashflowid": 12,
    "tradeid": 112,
    "specid": 212,
    "source": "source4",
    "tradername": "Ava Martinez",
    "settlementid": "SETTLE012",
    "amount": 1200,
    "counterparty": "Counterparty12",
    "currency": "GBP"
  },
  {
    "cashflowid": 13,
    "tradeid": 113,
    "specid": 213,
    "source": "source5",
    "tradername": "Noah Thompson",
    "settlementid": "SETTLE013",
    "amount": -800,
    "counterparty": "Counterparty13",
    "currency": "USD"
  },
  {
    "cashflowid": 14,
    "tradeid": 114,
    "specid": 214,
    "source": "source6",
    "tradername": "Mia Johnson",
    "settlementid": "SETTLE014",
    "amount": 800,
    "counterparty": "Counterparty14",
    "currency": "EUR"
  },
  {
    "cashflowid": 15,
    "tradeid": 115,
    "specid": 215,
    "source": "source7",
    "tradername": "James Wilson",
    "settlementid": "SETTLE015",
    "amount": -1800,
    "counterparty": "Counterparty15",
    "currency": "USD"
  },
  {
    "cashflowid": 16,
    "tradeid": 116,
    "specid": 216,
    "source": "source8",
    "tradername": "Charlotte Brown",
    "settlementid": "SETTLE016",
    "amount": 1800,
    "counterparty": "Counterparty16",
    "currency": "GBP"
  },
  {
    "cashflowid": 17,
    "tradeid": 117,
    "specid": 217,
    "source": "source1",
    "tradername": "Benjamin Davis",
    "settlementid": "SETTLE017",
    "amount": -250,
    "counterparty": "Counterparty17",
    "currency": "USD"
  },
  {
    "cashflowid": 18,
    "tradeid": 118,
    "specid": 218,
    "source": "source2",
    "tradername": "Amelia Wilson",
    "settlementid": "SETTLE018",
    "amount": 250,
    "counterparty": "Counterparty18",
    "currency": "EUR"
  },
  {
    "cashflowid": 19,
    "tradeid": 119,
    "specid": 219,
    "source": "source3",
    "tradername": "Henry Thompson",
    "settlementid": "SETTLE019",
    "amount": -3200,
    "counterparty": "Counterparty19",
    "currency": "USD"
  },
  {
    "cashflowid": 20,
    "tradeid": 120,
    "specid": 220,
    "source": "source4",
    "tradername": "Sofia Davis",
    "settlementid": "SETTLE020",
    "amount": 3200,
    "counterparty": "Counterparty20",
    "currency": "GBP"
  },
  {
    "cashflowid": 21,
    "tradeid": 121,
    "specid": 221,
    "source": "source5",
    "tradername": "William Martinez",
    "settlementid": "SETTLE021",
    "amount": -1000,
    "counterparty": "Counterparty21",
    "currency": "USD"
  },
  {
    "cashflowid": 22,
    "tradeid": 122,
    "specid": 222,
    "source": "source6",
    "tradername": "Victoria Johnson",
    "settlementid": "SETTLE022",
    "amount": 1000,
    "counterparty": "Counterparty22",
    "currency": "EUR"
  },
  {
    "cashflowid": 23,
    "tradeid": 123,
    "specid": 223,
    "source": "source7",
    "tradername": "Joseph Wilson",
    "settlementid": "SETTLE023",
    "amount": -550,
    "counterparty": "Counterparty23",
    "currency": "USD"
  },
  {
    "cashflowid": 24,
    "tradeid": 124,
    "specid": 224,
    "source": "source8",
    "tradername": "Grace Brown",
    "settlementid": "SETTLE024",
    "amount": 550,
    "counterparty": "Counterparty24",
    "currency": "GBP"
  },
  {
    "cashflowid": 25,
    "tradeid": 125,
    "specid": 225,
    "source": "source1",
    "tradername": "Alexander Davis",
    "settlementid": "SETTLE025",
    "amount": -2700,
    "counterparty": "Counterparty25",
    "currency": "USD"
  },
  {
    "cashflowid": 26,
    "tradeid": 126,
    "specid": 226,
    "source": "source2",
    "tradername": "Chloe Wilson",
    "settlementid": "SETTLE026",
    "amount": 2700,
    "counterparty": "Counterparty26",
    "currency": "EUR"
  },
  {
    "cashflowid": 27,
    "tradeid": 127,
    "specid": 227,
    "source": "source3",
    "tradername": "Daniel Martinez",
    "settlementid": "SETTLE027",
    "amount": -900,
    "counterparty": "Counterparty27",
    "currency": "USD"
  },
  {
    "cashflowid": 28,
    "tradeid": 128,
    "specid": 228,
    "source": "source4",
    "tradername": "Penelope Johnson",
    "settlementid": "SETTLE028",
    "amount": 900,
    "counterparty": "Counterparty28",
    "currency": "GBP"
  },
  {
    "cashflowid": 29,
    "tradeid": 129,
    "specid": 229,
    "source": "source5",
    "tradername": "Matthew Thompson",
    "settlementid": "SETTLE029",
    "amount": -400,
    "counterparty": "Counterparty29",
    "currency": "USD"
  },
  {
    "cashflowid": 30,
    "tradeid": 130,
    "specid": 230,
    "source": "source6",
    "tradername": "Harper Davis",
    "settlementid": "SETTLE030",
    "amount": 400,
    "counterparty": "Counterparty30",
    "currency": "EUR"
  },
  {
    "cashflowid": 31,
    "tradeid": 131,
    "specid": 231,
    "source": "source7",
    "tradername": "Samuel Wilson",
    "settlementid": "SETTLE031",
    "amount": -2200,
    "counterparty": "Counterparty31",
    "currency": "USD"
  },
  {
    "cashflowid": 32,
    "tradeid": 132,
    "specid": 232,
    "source": "source8",
    "tradername": "Luna Brown",
    "settlementid": "SETTLE032",
    "amount": 2200,
    "counterparty": "Counterparty32",
    "currency": "GBP"
  },
  {
    "cashflowid": 33,
    "tradeid": 133,
    "specid": 233,
    "source": "source1",
    "tradername": "Christopher Davis",
    "settlementid": "SETTLE033",
    "amount": -600,
    "counterparty": "Counterparty33",
    "currency": "USD"
  },
  {
    "cashflowid": 34,
    "tradeid": 134,
    "specid": 234,
    "source": "source2",
    "tradername": "Bella Wilson",
    "settlementid": "SETTLE034",
    "amount": 600,
    "counterparty": "Counterparty34",
    "currency": "EUR"
  },
  {
    "cashflowid": 35,
    "tradeid": 135,
    "specid": 235,
    "source": "source3",
    "tradername": "Ryan Martinez",
    "settlementid": "SETTLE035",
    "amount": -1500,
    "counterparty": "Counterparty35",
    "currency": "USD"
  },
  {
    "cashflowid": 36,
    "tradeid": 136,
    "specid": 236,
    "source": "source4",
    "tradername": "Lucy Johnson",
    "settlementid": "SETTLE036",
    "amount": 1500,
    "counterparty": "Counterparty36",
    "currency": "GBP"
  },
  {
    "cashflowid": 37,
    "tradeid": 137,
    "specid": 237,
    "source": "source5",
    "tradername": "David Thompson",
    "settlementid": "SETTLE037",
    "amount": -1100,
    "counterparty": "Counterparty37",
    "currency": "USD"
  },
  {
    "cashflowid": 38,
    "tradeid": 138,
    "specid": 238,
    "source": "source6",
    "tradername": "Zoe Davis",
    "settlementid": "SETTLE038",
    "amount": 1100,
    "counterparty": "Counterparty38",
    "currency": "EUR"
  },
  {
    "cashflowid": 39,
    "tradeid": 139,
    "specid": 239,
    "source": "source7",
    "tradername": "Michael Wilson",
    "settlementid": "SETTLE039",
    "amount": -350,
    "counterparty": "Counterparty39",
    "currency": "USD"
  },
  {
    "cashflowid": 40,
    "tradeid": 140,
    "specid": 240,
    "source": "source8",
    "tradername": "Nora Brown",
    "settlementid": "SETTLE040",
    "amount": 350,
    "counterparty": "Counterparty40",
    "currency": "GBP"
  },
  {
    "cashflowid": 41,
    "tradeid": 141,
    "specid": 241,
    "source": "source1",
    "tradername": "Andrew Davis",
    "settlementid": "SETTLE041",
    "amount": -2900,
    "counterparty": "Counterparty41",
    "currency": "USD"
  },
  {
    "cashflowid": 42,
    "tradeid": 142,
    "specid": 242,
    "source": "source2",
    "tradername": "Stella Wilson",
    "settlementid": "SETTLE042",
    "amount": 2900,
    "counterparty": "Counterparty42",
    "currency": "EUR"
  },
  {
    "cashflowid": 43,
    "tradeid": 143,
    "specid": 243,
    "source": "source3",
    "tradername": "John Martinez",
    "settlementid": "SETTLE043",
    "amount": -800,
    "counterparty": "Counterparty43",
    "currency": "USD"
  },
  {
    "cashflowid": 44,
    "tradeid": 144,
    "specid": 244,
    "source": "source4",
    "tradername": "Violet Johnson",
    "settlementid": "SETTLE044",
    "amount": 800,
    "counterparty": "Counterparty44",
    "currency": "GBP"
  },
  {
    "cashflowid": 45,
    "tradeid": 145,
    "specid": 245,
    "source": "source5",
    "tradername": "Jonathan Thompson",
    "settlementid": "SETTLE045",
    "amount": -1800,
    "counterparty": "Counterparty45",
    "currency": "USD"
  },
  {
    "cashflowid": 46,
    "tradeid": 146,
    "specid": 246,
    "source": "source6",
    "tradername": "Hazel Davis",
    "settlementid": "SETTLE046",
    "amount": 1800,
    "counterparty": "Counterparty46",
    "currency": "EUR"
  },
  {
    "cashflowid": 47,
    "tradeid": 147,
    "specid": 247,
    "source": "source7",
    "tradername": "William Wilson",
    "settlementid": "SETTLE047",
    "amount": -250,
    "counterparty": "Counterparty47",
    "currency": "USD"
  },
  {
    "cashflowid": 48,
    "tradeid": 148,
    "specid": 248,
    "source": "source8",
    "tradername": "Lily Brown",
    "settlementid": "SETTLE048",
    "amount": 250,
    "counterparty": "Counterparty48",
    "currency": "GBP"
  },
  {
    "cashflowid": 49,
    "tradeid": 149,
    "specid": 249,
    "source": "source1",
    "tradername": "Daniel Davis",
    "settlementid": "SETTLE049",
    "amount": -3200,
    "counterparty": "Counterparty49",
    "currency": "USD"
  },
  {
    "cashflowid": 50,
    "tradeid": 150,
    "specid": 250,
    "source": "source2",
    "tradername": "Scarlett Wilson",
    "settlementid": "SETTLE050",
    "amount": 3200,
    "counterparty": "Counterparty50",
    "currency": "EUR"
  },
  {
    "cashflowid": 51,
    "tradeid": 151,
    "specid": 251,
    "source": "source3",
    "tradername": "Jack Martinez",
    "settlementid": "SETTLE051",
    "amount": -1000,
    "counterparty": "Counterparty51",
    "currency": "USD"
  },
  {
    "cashflowid": 52,
    "tradeid": 152,
    "specid": 252,
    "source": "source4",
    "tradername": "Aria Johnson",
    "settlementid": "SETTLE052",
    "amount": 1000,
    "counterparty": "Counterparty52",
    "currency": "GBP"
  },
  {
    "cashflowid": 53,
    "tradeid": 153,
    "specid": 253,
    "source": "source5",
    "tradername": "Owen Thompson",
    "settlementid": "SETTLE053",
    "amount": -550,
    "counterparty": "Counterparty53",
    "currency": "USD"
  },
  {
    "cashflowid": 54,
    "tradeid": 154,
    "specid": 254,
    "source": "source6",
    "tradername": "Zoe Davis",
    "settlementid": "SETTLE054",
    "amount": 550,
    "counterparty": "Counterparty54",
    "currency": "EUR"
  },
  {
    "cashflowid": 55,
    "tradeid": 155,
    "specid": 255,
    "source": "source7",
    "tradername": "Gabriel Wilson",
    "settlementid": "SETTLE055",
    "amount": -2700,
    "counterparty": "Counterparty55",
    "currency": "USD"
  },
  {
    "cashflowid": 56,
    "tradeid": 156,
    "specid": 256,
    "source": "source8",
    "tradername": "Sophia Brown",
    "settlementid": "SETTLE056",
    "amount": 2700,
    "counterparty": "Counterparty56",
    "currency": "GBP"
  },
  {
    "cashflowid": 57,
    "tradeid": 157,
    "specid": 257,
    "source": "source1",
    "tradername": "Elijah Davis",
    "settlementid": "SETTLE057",
    "amount": -900,
    "counterparty": "Counterparty57",
    "currency": "USD"
  },
  {
    "cashflowid": 58,
    "tradeid": 158,
    "specid": 258,
    "source": "source2",
    "tradername": "Madison Wilson",
    "settlementid": "SETTLE058",
    "amount": 900,
    "counterparty": "Counterparty58",
    "currency": "EUR"
  },
  {
    "cashflowid": 59,
    "tradeid": 159,
    "specid": 259,
    "source": "source3",
    "tradername": "Carter Martinez",
    "settlementid": "SETTLE059",
    "amount": -400,
    "counterparty": "Counterparty59",
    "currency": "USD"
  },
  {
    "cashflowid": 60,
    "tradeid": 160,
    "specid": 260,
    "source": "source4",
    "tradername": "Luna Johnson",
    "settlementid": "SETTLE060",
    "amount": 400,
    "counterparty": "Counterparty60",
    "currency": "GBP"
  },
  {
    "cashflowid": 61,
    "tradeid": 161,
    "specid": 261,
    "source": "source5",
    "tradername": "Oliver Thompson",
    "settlementid": "SETTLE061",
    "amount": -2200,
    "counterparty": "Counterparty61",
    "currency": "USD"
  },
  {
    "cashflowid": 62,
    "tradeid": 162,
    "specid": 262,
    "source": "source6",
    "tradername": "Hazel Davis",
    "settlementid": "SETTLE062",
    "amount": 2200,
    "counterparty": "Counterparty62",
    "currency": "EUR"
  },
  {
    "cashflowid": 63,
    "tradeid": 163,
    "specid": 263,
    "source": "source7",
    "tradername": "Leo Wilson",
    "settlementid": "SETTLE063",
    "amount": -600,
    "counterparty": "Counterparty63",
    "currency": "USD"
  },
  {
    "cashflowid": 64,
    "tradeid": 164,
    "specid": 264,
    "source": "source8",
    "tradername": "Lily Brown",
    "settlementid": "SETTLE064",
    "amount": 600,
    "counterparty": "Counterparty64",
    "currency": "GBP"
  },
  {
    "cashflowid": 65,
    "tradeid": 165,
    "specid": 265,
    "source": "source1",
    "tradername": "Mason Davis",
    "settlementid": "SETTLE065",
    "amount": -1500,
    "counterparty": "Counterparty65",
    "currency": "USD"
  },
  {
    "cashflowid": 66,
    "tradeid": 166,
    "specid": 266,
    "source": "source2",
    "tradername": "Scarlett Wilson",
    "settlementid": "SETTLE066",
    "amount": 1500,
    "counterparty": "Counterparty66",
    "currency": "EUR"
  },
  {
    "cashflowid": 67,
    "tradeid": 167,
    "specid": 267,
    "source": "source3",
    "tradername": "James Martinez",
    "settlementid": "SETTLE067",
    "amount": -1100,
    "counterparty": "Counterparty67",
    "currency": "USD"
  },
  {
    "cashflowid": 68,
    "tradeid": 168,
    "specid": 268,
    "source": "source4",
    "tradername": "Aria Johnson",
    "settlementid": "SETTLE068",
    "amount": 1100,
    "counterparty": "Counterparty68",
    "currency": "GBP"
  },
  {
    "cashflowid": 69,
    "tradeid": 169,
    "specid": 269,
    "source": "source5",
    "tradername": "Owen Thompson",
    "settlementid": "SETTLE069",
    "amount": -350,
    "counterparty": "Counterparty69",
    "currency": "USD"
  },
  {
    "cashflowid": 70,
    "tradeid": 170,
    "specid": 270,
    "source": "source6",
    "tradername": "Zoe Davis",
    "settlementid": "SETTLE070",
    "amount": 350,
    "counterparty": "Counterparty70",
    "currency": "EUR"
  },
  {
    "cashflowid": 71,
    "tradeid": 171,
    "specid": 271,
    "source": "source7",
    "tradername": "Gabriel Wilson",
    "settlementid": "SETTLE071",
    "amount": -2900,
    "counterparty": "Counterparty71",
    "currency": "USD"
  },
  {
    "cashflowid": 72,
    "tradeid": 172,
    "specid": 272,
    "source": "source8",
    "tradername": "Sophia Brown",
    "settlementid": "SETTLE072",
    "amount": 2900,
    "counterparty": "Counterparty72",
    "currency": "GBP"
  },
  {
    "cashflowid": 73,
    "tradeid": 173,
    "specid": 273,
    "source": "source1",
    "tradername": "Elijah Davis",
    "settlementid": "SETTLE073",
    "amount": -800,
    "counterparty": "Counterparty73",
    "currency": "USD"
  },
  {
    "cashflowid": 74,
    "tradeid": 174,
    "specid": 274,
    "source": "source2",
    "tradername": "Madison Wilson",
    "settlementid": "SETTLE074",
    "amount": 800,
    "counterparty": "Counterparty74",
    "currency": "EUR"
  },
  {
    "cashflowid": 75,
    "tradeid": 175,
    "specid": 275,
    "source": "source3",
    "tradername": "Carter Martinez",
    "settlementid": "SETTLE075",
    "amount": -1800,
    "counterparty": "Counterparty75",
    "currency": "USD"
  },
  {
    "cashflowid": 76,
    "tradeid": 176,
    "specid": 276,
    "source": "source4",
    "tradername": "Luna Johnson",
    "settlementid": "SETTLE076",
    "amount": 1800,
    "counterparty": "Counterparty76",
    "currency": "GBP"
  },
  {
    "cashflowid": 77,
    "tradeid": 177,
    "specid": 277,
    "source": "source5",
    "tradername": "Oliver Thompson",
    "settlementid": "SETTLE077",
    "amount": -250,
    "counterparty": "Counterparty77",
    "currency": "USD"
  },
  {
    "cashflowid": 78,
    "tradeid": 178,
    "specid": 278,
    "source": "source6",
    "tradername": "Hazel Davis",
    "settlementid": "SETTLE078",
    "amount": 250,
    "counterparty": "Counterparty78",
    "currency": "EUR"
  },
  {
    "cashflowid": 79,
    "tradeid": 179,
    "specid": 279,
    "source": "source7",
    "tradername": "Leo Wilson",
    "settlementid": "SETTLE079",
    "amount": -3200,
    "counterparty": "Counterparty79",
    "currency": "USD"
  },
  {
    "cashflowid": 80,
    "tradeid": 180,
    "specid": 280,
    "source": "source8",
    "tradername": "Lily Brown",
    "settlementid": "SETTLE080",
    "amount": 3200,
    "counterparty": "Counterparty80",
    "currency": "GBP"
  },
  {
    "cashflowid": 81,
    "tradeid": 181,
    "specid": 281,
    "source": "source1",
    "tradername": "Daniel Davis",
    "settlementid": "SETTLE081",
    "amount": -1000,
    "counterparty": "Counterparty81",
    "currency": "USD"
  },
  {
    "cashflowid": 82,
    "tradeid": 182,
    "specid": 282,
    "source": "source2",
    "tradername": "Scarlett Wilson",
    "settlementid": "SETTLE082",
    "amount": 1000,
    "counterparty": "Counterparty82",
    "currency": "EUR"
  },
  {
    "cashflowid": 83,
    "tradeid": 183,
    "specid": 283,
    "source": "source3",
    "tradername": "James Martinez",
    "settlementid": "SETTLE083",
    "amount": -550,
    "counterparty": "Counterparty83",
    "currency": "USD"
  },
  {
    "cashflowid": 84,
    "tradeid": 184,
    "specid": 284,
    "source": "source4",
    "tradername": "Aria Johnson",
    "settlementid": "SETTLE084",
    "amount": 550,
    "counterparty": "Counterparty84",
    "currency": "GBP"
  },
  {
    "cashflowid": 85,
    "tradeid": 185,
    "specid": 285,
    "source": "source5",
    "tradername": "Owen Thompson",
    "settlementid": "SETTLE085",
    "amount": -2700,
    "counterparty": "Counterparty85",
    "currency": "USD"
  },
  {
    "cashflowid": 86,
    "tradeid": 186,
    "specid": 286,
    "source": "source6",
    "tradername": "Zoe Davis",
    "settlementid": "SETTLE086",
    "amount": 2700,
    "counterparty": "Counterparty86",
    "currency": "EUR"
  },
  {
    "cashflowid": 87,
    "tradeid": 187,
    "specid": 287,
    "source": "source7",
    "tradername": "Gabriel Wilson",
    "settlementid": "SETTLE087",
    "amount": -900,
    "counterparty": "Counterparty87",
    "currency": "USD"
  },
  {
    "cashflowid": 88,
    "tradeid": 188,
    "specid": 288,
    "source": "source8",
    "tradername": "Sophia Brown",
    "settlementid": "SETTLE088",
    "amount": 900,
    "counterparty": "Counterparty88",
    "currency": "GBP"
  },
  {
    "cashflowid": 89,
    "tradeid": 189,
    "specid": 289,
    "source": "source1",
    "tradername": "Elijah Davis",
    "settlementid": "SETTLE089",
    "amount": -400,
    "counterparty": "Counterparty89",
    "currency": "USD"
  },
  {
    "cashflowid": 90,
    "tradeid": 190,
    "specid": 290,
    "source": "source2",
    "tradername": "Madison Wilson",
    "settlementid": "SETTLE090",
    "amount": 400,
    "counterparty": "Counterparty90",
    "currency": "EUR"
  },
  {
    "cashflowid": 91,
    "tradeid": 191,
    "specid": 291,
    "source": "source3",
    "tradername": "John Smith",
    "settlementid": "SETTLE090",
    "amount": 1456,
    "counterparty": "Counterparty90",
    "currency": "USD"
    },
    {
    "cashflowid": 92,
    "tradeid": 192,
    "specid": 292,
    "source": "source3",
    "tradername": "John Smith",
    "settlementid": "SETTLE091",
    "amount": -1456,
    "counterparty": "Counterparty91",
    "currency": "USD"
    },
    {
    "cashflowid": 93,
    "tradeid": 193,
    "specid": 293,
    "source": "source3",
    "tradername": "John Smith",
    "settlementid": "SETTLE092",
    "amount": 2100,
    "counterparty": "Counterparty92",
    "currency": "USD"
    },
    {
    "cashflowid": 94,
    "tradeid": 194,
    "specid": 294,
    "source": "source3",
    "tradername": "John Smith",
    "settlementid": "SETTLE093",
    "amount": -2100,
    "counterparty": "Counterparty93",
    "currency": "USD"
    },
    {
    "cashflowid": 95,
    "tradeid": 195,
    "specid": 295,
    "source": "source3",
    "tradername": "John Smith",
    "settlementid": "SETTLE094",
    "amount": 3000,
    "counterparty": "Counterparty94",
    "currency": "USD"
    },
    {
    "cashflowid": 96,
    "tradeid": 196,
    "specid": 296,
    "source": "source3",
    "tradername": "John Smith",
    "settlementid": "SETTLE095",
    "amount": -3000,
    "counterparty": "Counterparty95",
    "currency": "USD"
    },
    {
    "cashflowid": 97,
    "tradeid": 197,
    "specid": 297,
    "source": "source3",
    "tradername": "John Smith",
    "settlementid": "SETTLE096",
    "amount": 2500,
    "counterparty": "Counterparty96",
    "currency": "USD"
    },
    {
    "cashflowid": 98,
    "tradeid": 198,
    "specid": 298,
    "source": "source3",
    "tradername": "John Smith",
    "settlementid": "SETTLE097",
    "amount": -2500,
    "counterparty": "Counterparty97",
    "currency": "USD"
    },
    {
    "cashflowid": 99,
    "tradeid": 199,
    "specid": 299,
    "source": "source3",
    "tradername": "John Smith",
    "settlementid": "SETTLE098",
    "amount": 1800,
    "counterparty": "Counterparty98",
    "currency": "USD"
    },
    {
    "cashflowid": 100,
    "tradeid": 200,
    "specid": 300,
    "source": "source3",
    "tradername": "John Smith",
    "settlementid": "SETTLE099",
    "amount": -1800,
    "counterparty": "Counterparty99",
    "currency": "USD"
    }
]
